rank_test_f1,mean_test_f1,std_test_f1,rank_test_roc_auc,mean_test_roc_auc,std_test_roc_auc,rank_test_average_precision,mean_test_average_precision,std_test_average_precision,rank_test_accuracy,mean_test_accuracy,std_test_accuracy,params
9,0.9195702006675905,0.04220141019583331,9,0.9814804415157903,0.010066182440825466,9,0.9740285871756624,0.015225499685793913,9,0.9241910023677979,0.03711426249776909,{'learning_rate': 0.001}
5,0.9722429025574906,0.024870076473607984,5,0.9978738498429358,0.0023010119865578276,5,0.9974246189127612,0.0027774172740733217,5,0.9731649565903708,0.02367695633440891,{'learning_rate': 0.01}
3,0.9823673663109146,0.016005554004670543,3,0.9991271278978531,0.0009338103351898269,2,0.9989459464476284,0.001109907896005923,3,0.9827676927124441,0.015496513952274213,{'learning_rate': 0.05}
2,0.982824238239653,0.015076231201360247,2,0.9991343574763185,0.0009331739771718144,3,0.9989296527847177,0.0011668558536090388,2,0.98318863456985,0.014610460072094327,{'learning_rate': 0.07}
1,0.9835500910893288,0.013743480531708228,1,0.999200008555059,0.0008228541113716973,1,0.9990103198677428,0.0010392686632945392,1,0.9838726650881346,0.013331185571972185,{'learning_rate': 0.1}
4,0.9805343734322094,0.016627644692412208,4,0.9989081813772149,0.0011760852126336814,4,0.9986802220346963,0.001430795909104004,4,0.9809786898184688,0.016064433625539856,{'learning_rate': 0.2}
6,0.9705026317524643,0.024527646217599952,6,0.9973210414579814,0.002602795748244058,6,0.9969563210100411,0.0029171357445981557,6,0.9714811891607471,0.02331315155777674,{'learning_rate': 0.5}
7,0.9597308817426343,0.031447199915023524,7,0.9949136696966525,0.004652981251197448,7,0.9943906436082484,0.005060972335826397,7,0.9614180478821364,0.029320006669084193,{'learning_rate': 0.75}
8,0.9448215781390722,0.03832352595493692,8,0.9900957232180975,0.00825036928099721,8,0.9890117860682576,0.008897018075685841,8,0.9474217311233886,0.03506414246694457,{'learning_rate': 1.0}
