rank_test_f1,mean_test_f1,std_test_f1,rank_test_roc_auc,mean_test_roc_auc,std_test_roc_auc,rank_test_average_precision,mean_test_average_precision,std_test_average_precision,rank_test_accuracy,mean_test_accuracy,std_test_accuracy,params
9,0.8832567006244776,0.051379789266029575,9,0.9742125013827652,0.010576693201059393,9,0.9579443121861981,0.020506478398889433,9,0.8929725931131414,0.04295333669172066,{'learning_rate': 0.001}
6,0.9646841050894477,0.027556742773080962,6,0.9968170423837293,0.002950902413477856,7,0.9956688926466072,0.004150677729792042,6,0.9660295151089248,0.025957783772928074,{'learning_rate': 0.01}
3,0.9768939134486899,0.01738337916351615,3,0.9988976161127704,0.0011490105053363051,3,0.9986325147660942,0.0014629963017931977,3,0.977512297962052,0.016711463181621054,{'learning_rate': 0.05}
1,0.9775724851646057,0.01655961926861138,2,0.9989265001027196,0.001119860800497111,2,0.9987010730443275,0.001375720239500344,1,0.9781447645818693,0.015955835277588853,{'learning_rate': 0.07}
2,0.977560318318719,0.016655380666828725,1,0.9989652333317529,0.001077399267840253,1,0.9987701854199516,0.0012945639812490602,2,0.9781307097680955,0.016040317531982838,{'learning_rate': 0.1}
4,0.9753999775859861,0.018886528157510702,4,0.9987941892254935,0.0012804275534368673,4,0.9985636182943065,0.0015655029985732504,4,0.9761208713984539,0.018095232958759748,{'learning_rate': 0.2}
5,0.968114143395637,0.02588029288492353,5,0.9976994125223217,0.0022279487481410205,5,0.9971965510300524,0.0028183851007076337,5,0.9693886156008432,0.024430953629514498,{'learning_rate': 0.5}
7,0.9599175854778628,0.03197307666352872,7,0.9962110613315633,0.0035092604190299507,6,0.9956796019817122,0.004041913325044738,7,0.9617849613492622,0.029798107843097013,{'learning_rate': 0.75}
8,0.9477292700387283,0.038832873414990324,8,0.9934355019042653,0.005915522388694684,8,0.9928152862530311,0.006429499105440719,8,0.9506676036542515,0.035531475432548865,{'learning_rate': 1.0}
