rank_test_f1,mean_test_f1,std_test_f1,rank_test_roc_auc,mean_test_roc_auc,std_test_roc_auc,rank_test_average_precision,mean_test_average_precision,std_test_average_precision,rank_test_accuracy,mean_test_accuracy,std_test_accuracy,params
1,0.9815420524061317,0.01574846845344274,1,0.9991688493833436,0.000928585883275102,1,0.9990001213538292,0.0011626418056966405,1,0.98195211786372,0.015235684461200537,{'gamma': 0}
2,0.9780259020083566,0.0184994180059914,2,0.9987834131805492,0.0012866504981404409,2,0.9985422658046197,0.0015450227675593,2,0.9786108918705603,0.017782652832320694,{'gamma': 0.1}
3,0.9763458604094492,0.01947233424520606,3,0.9986500864642357,0.0014531860349491334,3,0.9984127743928793,0.0016742637781249352,3,0.9770323599052879,0.018639344243748468,{'gamma': 0.2}
4,0.9750495443489127,0.02223075234919346,4,0.9985608847481297,0.0015536938604110255,4,0.9983386625518081,0.0018157267565195286,4,0.9758747697974217,0.021201763303842068,{'gamma': 0.3}
5,0.973525373527214,0.02282974566789316,5,0.9984739982967404,0.0015692206363611381,5,0.9982684092906698,0.0018046868179632442,5,0.974401473296501,0.021743541702053535,{'gamma': 0.4}
6,0.9732064303231661,0.023996090441462666,6,0.9982966365606117,0.001799423759510985,7,0.9979815466540337,0.0020562249200698074,6,0.9741252302025784,0.02283980840728661,{'gamma': 0.5}
7,0.9726056179064863,0.023878132118088796,7,0.9982368342073891,0.001879060355914905,6,0.9979864999498387,0.0021661120776971894,7,0.9735595895816891,0.022689814600769975,{'gamma': 0.6}
