rank_test_f1,mean_test_f1,std_test_f1,rank_test_roc_auc,mean_test_roc_auc,std_test_roc_auc,rank_test_average_precision,mean_test_average_precision,std_test_average_precision,rank_test_accuracy,mean_test_accuracy,std_test_accuracy,params
9,0.9151409929693142,0.05808911687637056,9,0.9808850524760679,0.011375095150461126,9,0.9670531263217299,0.02289050168340939,9,0.9216634738186462,0.0503562240023936,{'learning_rate': 0.001}
6,0.9639173935457777,0.030269267939142842,6,0.9962668807057377,0.004138389243982477,7,0.9946158802797511,0.00622418830923377,6,0.9653416347381863,0.02851462656727989,{'learning_rate': 0.01}
3,0.9750337545118937,0.018892857066970126,4,0.9984180926423406,0.0018274633224999249,4,0.9979216959805562,0.0024691546110741365,3,0.9757343550446999,0.018136107498813687,{'learning_rate': 0.05}
2,0.9763777842045608,0.01725850321791288,2,0.9985470043908796,0.001614331065264745,2,0.9981378454358252,0.0021463933408942346,2,0.9769795657726693,0.016620422429260255,{'learning_rate': 0.07}
1,0.9765728353547276,0.018090263780491982,1,0.9986436359566067,0.0015025038677732242,1,0.9983101495222325,0.001935664191803068,1,0.9772030651340996,0.017382235280560994,{'learning_rate': 0.1}
4,0.9744633005462309,0.020026563190039204,3,0.9984740515854957,0.0015933519401150418,3,0.9981000922899623,0.0020312760639759277,4,0.9752234993614305,0.019175610989835754,{'learning_rate': 0.2}
5,0.9666745658913471,0.026033875543042536,5,0.9975086151847448,0.0025011352065793776,5,0.9970697825770104,0.002992280440932666,5,0.9679757343550447,0.024582669780519487,{'learning_rate': 0.5}
7,0.9575145743278914,0.032383384210107426,7,0.9958574428019423,0.003834888245559286,6,0.9950504718898024,0.004695851606862233,7,0.9595785440613026,0.030078619579794397,{'learning_rate': 0.75}
8,0.9437992013189257,0.04134291599632465,8,0.9932363765701228,0.005926164358317934,8,0.9922510498288075,0.006847332571738425,8,0.9472860791826309,0.03761567955149485,{'learning_rate': 1.0}
