rank_test_f1,mean_test_f1,std_test_f1,rank_test_roc_auc,mean_test_roc_auc,std_test_roc_auc,rank_test_average_precision,mean_test_average_precision,std_test_average_precision,rank_test_accuracy,mean_test_accuracy,std_test_accuracy,params
5,0.8511534786971003,0.046222764121964445,5,0.9352544434602892,0.022960138092778113,5,0.9264870889076413,0.0259718854909624,5,0.858007985803017,0.03783341650463585,{'n_estimators': 50}
4,0.900123484613706,0.04413504448485551,4,0.9664980808975493,0.017433122385049574,4,0.9597247511463669,0.020838514204710494,4,0.9043034605146406,0.03867048196335624,{'n_estimators': 100}
3,0.9238930012249409,0.04194621185549666,3,0.9792521799035528,0.012939257905807623,3,0.9740705813504436,0.0161843230662397,3,0.9269299023957409,0.037772888393623964,{'n_estimators': 150}
2,0.9382802367681673,0.03868032087751952,2,0.985799271725224,0.009825782180771977,2,0.9818448214948121,0.012575864588790944,2,0.9406388642413486,0.03538390119903539,{'n_estimators': 200}
1,0.9492364902427572,0.03478825916943148,1,0.9898166765082177,0.0077511665180014944,1,0.9870133255258804,0.009784919831561005,1,0.9510425909494232,0.032289756072156686,{'n_estimators': 250}
