rank_test_f1,mean_test_f1,std_test_f1,rank_test_roc_auc,mean_test_roc_auc,std_test_roc_auc,rank_test_average_precision,mean_test_average_precision,std_test_average_precision,rank_test_accuracy,mean_test_accuracy,std_test_accuracy,params
9,0.9070929151425778,0.05048442229051485,9,0.9727022537151855,0.01542587608943042,9,0.9620295154287225,0.02357110752341569,9,0.9124223602484474,0.04385288283902116,{'learning_rate': 0.001}
6,0.9678699820744686,0.026284524448741957,6,0.9961533215234721,0.003722274707726008,6,0.9950067823313065,0.004763527044648742,6,0.9688553682342503,0.024968339465299676,{'learning_rate': 0.01}
3,0.9831316343465503,0.013059366757513792,2,0.9988901190827676,0.0011076171311702623,2,0.9985196292724539,0.0015515492346649777,3,0.9834072759538598,0.01272692771980397,{'learning_rate': 0.05}
2,0.9832843946505445,0.012878387912424228,3,0.9988029721484107,0.0012421174778006546,3,0.9984636817052033,0.0016535655499159867,2,0.9835403726708076,0.012570732631443192,{'learning_rate': 0.07}
1,0.9836067984458019,0.01256310242515318,1,0.9989394400157465,0.0010427545563428367,1,0.9986357286887676,0.0014308472480375274,1,0.9838509316770185,0.01226862501932729,{'learning_rate': 0.1}
4,0.9803173808597114,0.015344738476909297,4,0.9985470672177936,0.00151873417928528,4,0.9981408657688162,0.001986471537737494,4,0.980700976042591,0.014873884819283836,{'learning_rate': 0.2}
5,0.9710096244868269,0.024031148045943303,5,0.9974217645900995,0.0025230392756651512,5,0.9967678486177063,0.0032203368711791096,5,0.9719609582963621,0.022899727549176737,{'learning_rate': 0.5}
7,0.9591720363817672,0.030260619877625877,7,0.9950872305875406,0.004471385159874578,7,0.9943202488732256,0.0048265247900769305,7,0.9608030168589174,0.028344323562202532,{'learning_rate': 0.75}
8,0.9466306608480719,0.037558946895251966,8,0.9913596742446609,0.007563590439130126,8,0.9897824323115291,0.009091192936432842,8,0.9491570541259982,0.03448995970649473,{'learning_rate': 1.0}
