rank_test_f1,mean_test_f1,std_test_f1,rank_test_roc_auc,mean_test_roc_auc,std_test_roc_auc,rank_test_average_precision,mean_test_average_precision,std_test_average_precision,rank_test_accuracy,mean_test_accuracy,std_test_accuracy,params
9,0.8847834564223716,0.06146655947602181,9,0.9656030184727005,0.02081210958271489,9,0.9502302352955183,0.027094900293410412,9,0.8944252376836648,0.051464736038189886,{'learning_rate': 0.001}
6,0.9584133807171167,0.03210515014816927,6,0.9947436042533229,0.0047985342332163535,7,0.9925786040738487,0.006993899734017148,6,0.9599827139152982,0.030117359770493384,{'learning_rate': 0.01}
3,0.9761388651216347,0.016865970866437357,3,0.9986247351758223,0.0014170304886481089,3,0.9982825741904948,0.001835983614130537,3,0.9766421780466725,0.016318449640564676,{'learning_rate': 0.05}
1,0.9771923299306382,0.0157281968659802,2,0.9986782696261235,0.0013200264859508045,2,0.9983779437382395,0.001621189277528743,1,0.9776361279170267,0.015264668664801249,{'learning_rate': 0.07}
2,0.9770542168029557,0.015542922751998364,1,0.9987694173270463,0.0012433460866831312,1,0.9985437425464356,0.0014917794858426941,2,0.9775064822817633,0.01510886250764014,{'learning_rate': 0.1}
4,0.9738269789043938,0.01881219988900025,4,0.9983247162758175,0.0017410726824511457,4,0.997907859083344,0.0022441792338142906,4,0.9744814174589453,0.01812225151607691,{'learning_rate': 0.2}
5,0.9612537496582318,0.0284309289229033,5,0.9968587799860155,0.0029347100468110022,5,0.9962813699777076,0.0034937671947575123,5,0.9628349178910977,0.0268175547297794,{'learning_rate': 0.5}
7,0.9485188854381533,0.0366864945258509,7,0.9944424414548074,0.0049389934928720045,6,0.9935121866250155,0.005627689338831633,7,0.9512748487467588,0.03398856486426789,{'learning_rate': 0.75}
8,0.9268088681020064,0.04919939812423345,8,0.9881265949213521,0.008896979836237454,8,0.9868830053685256,0.009664333633784335,8,0.9319144338807259,0.04414944163021554,{'learning_rate': 1.0}
