params,f1,roc_auc,average_precision,accuracy,balanced_accuracy,rank_test_f1,rank_test_roc_auc,rank_test_average_precision,rank_test_accuracy,rank_test_balanced_accuracy
{'max_features': 'auto'},0.8678304239401495,0.9305642493069837,0.9289715899322493,0.8747044917257684,0.8748323347938836,4,1,1,3,3
{'max_features': 'sqrt'},0.8700000000000001,0.9256684252883842,0.9225209135442776,0.8770685579196218,0.8772020030403291,2,4,4,2,2
{'max_features': 'log2'},0.8684863523573201,0.9301394974514889,0.9257731724838055,0.8747044917257684,0.8748211571134759,3,2,2,3,4
{'max_features': None},0.8728179551122194,0.9288428865241884,0.9249471206439648,0.8794326241134752,0.8795604936063668,1,3,3,1,1
