params,f1,roc_auc,average_precision,accuracy,balanced_accuracy,rank_test_f1,rank_test_roc_auc,rank_test_average_precision,rank_test_accuracy,rank_test_balanced_accuracy
{'max_features': 'auto'},0.906906906906907,0.9481107147575638,0.9447785149390793,0.9109195402298851,0.9109195402298851,2,4,4,2,2
{'max_features': 'sqrt'},0.9107142857142858,0.9498777909895626,0.9490339540278061,0.9137931034482759,0.9137931034482758,1,3,3,1,1
{'max_features': 'log2'},0.9030303030303031,0.9529825604439159,0.9509015278854922,0.9080459770114943,0.9080459770114943,4,1,1,3,3
{'max_features': None},0.904191616766467,0.9509182190513938,0.9506746286567497,0.9080459770114943,0.9080459770114943,3,2,2,3,3
