params,f1,roc_auc,average_precision,accuracy,balanced_accuracy,rank_test_f1,rank_test_roc_auc,rank_test_average_precision,rank_test_accuracy,rank_test_balanced_accuracy
{'max_features': 'auto'},0.8166089965397925,0.8724200206398349,0.8686702417989866,0.8262295081967214,0.8264103887168903,1,2,2,1,3
{'max_features': 'sqrt'},0.8140350877192982,0.872312521499828,0.8673436709377796,0.8262295081967214,0.8264533883728931,2,3,3,1,1
{'max_features': 'log2'},0.8070175438596492,0.8791924664602683,0.8732749224406153,0.819672131147541,0.8198959408324733,4,1,1,4,4
{'max_features': None},0.8140350877192982,0.8709580323357413,0.8671920958623144,0.8262295081967214,0.8264533883728931,2,4,4,1,1
